{
  "name": "mongodb-sink-connector",
  "config": {
    "connector.class": "com.mongodb.kafka.connect.MongoSinkConnector",
    "tasks.max": "1",
    "topics": "dbserver1.public.detalhes_preco_quantidade_pereciveis,dbserver1.public.detalhes_preco_quantidade_nao_pereciveis",
    "connection.uri": "mongodb://mongodb:27017",
    "database": "supermercado",
    "collection": "produtos",
    "key.converter": "org.apache.kafka.connect.storage.StringConverter",
    "value.converter": "org.apache.kafka.connect.json.JsonConverter",
    "value.converter.schemas.enable": "false"
  }
}
